-- MySQL dump 10.13  Distrib 5.7.12, for Win64 (x86_64)
--
-- Host: sql9.freesqldatabase.com    Database: sql9150477
-- ------------------------------------------------------
-- Server version	5.5.50-0ubuntu0.14.04.1

/*!40101 SET @OLD_CHARACTER_SET_CLIENT=@@CHARACTER_SET_CLIENT */;
/*!40101 SET @OLD_CHARACTER_SET_RESULTS=@@CHARACTER_SET_RESULTS */;
/*!40101 SET @OLD_COLLATION_CONNECTION=@@COLLATION_CONNECTION */;
/*!40101 SET NAMES utf8 */;
/*!40103 SET @OLD_TIME_ZONE=@@TIME_ZONE */;
/*!40103 SET TIME_ZONE='+00:00' */;
/*!40014 SET @OLD_UNIQUE_CHECKS=@@UNIQUE_CHECKS, UNIQUE_CHECKS=0 */;
/*!40014 SET @OLD_FOREIGN_KEY_CHECKS=@@FOREIGN_KEY_CHECKS, FOREIGN_KEY_CHECKS=0 */;
/*!40101 SET @OLD_SQL_MODE=@@SQL_MODE, SQL_MODE='NO_AUTO_VALUE_ON_ZERO' */;
/*!40111 SET @OLD_SQL_NOTES=@@SQL_NOTES, SQL_NOTES=0 */;

--
-- Table structure for table `Composed`
--

DROP TABLE IF EXISTS `Composed`;
/*!40101 SET @saved_cs_client     = @@character_set_client */;
/*!40101 SET character_set_client = utf8 */;
CREATE TABLE `Composed` (
  `PieceID` int(11) DEFAULT NULL,
  `ComposerID` int(11) DEFAULT NULL
) ENGINE=InnoDB DEFAULT CHARSET=latin1;
/*!40101 SET character_set_client = @saved_cs_client */;

--
-- Dumping data for table `Composed`
--

LOCK TABLES `Composed` WRITE;
/*!40000 ALTER TABLE `Composed` DISABLE KEYS */;
INSERT INTO `Composed` VALUES (4,1),(4,2),(14,3),(19,4),(25,5),(25,6),(28,7),(29,4),(31,8),(34,9),(36,10),(38,11),(40,12),(41,10),(45,13),(46,14),(47,14),(49,15),(50,15),(52,16),(53,17),(54,18),(54,19),(55,20),(55,21),(56,22),(57,23),(58,24),(59,25),(59,26),(60,27),(61,28),(62,29),(63,30),(64,31),(65,32),(66,33),(67,34),(68,30),(69,35),(70,36),(71,37),(72,38),(73,39),(75,40),(76,41),(77,42),(78,24),(79,43),(80,44),(81,45),(82,46),(83,47),(84,48),(85,22),(86,178),(87,49),(88,50),(88,51),(88,52),(88,53),(88,54),(88,55),(89,32),(90,56),(90,263),(91,57),(92,58),(93,59),(94,60),(94,61),(94,62),(95,63),(96,59),(96,64),(96,65),(96,66),(97,24),(98,67),(99,22),(100,68),(100,69),(101,60),(102,70),(103,63),(104,70),(105,23),(106,71),(107,36),(108,72),(108,73),(109,74),(110,60),(111,75),(112,76),(112,77),(112,78),(113,37),(114,79),(115,80),(116,81),(117,82),(118,48),(119,83),(120,40),(121,40),(122,84),(123,80),(123,222),(124,85),(125,56),(126,86),(127,57),(128,87),(128,88),(129,24),(130,86),(131,89),(132,40),(133,90),(133,91),(133,92),(133,93),(134,63),(135,94),(136,95),(137,96),(138,22),(139,97),(140,84),(141,24),(142,24),(143,98),(144,99),(145,47),(146,100),(147,101),(148,102),(149,103),(150,104),(151,105),(151,106),(152,107),(153,107),(154,57),(155,108),(155,109),(156,27),(157,110),(158,24),(159,111),(160,112),(161,113),(161,114),(161,115),(161,116),(161,117),(161,118),(161,119),(161,120),(162,30),(163,121),(164,122),(165,123),(165,124),(166,86),(167,37),(167,125),(168,28),(169,24),(170,126),(171,127),(172,37),(173,37),(174,86),(175,128),(176,129),(177,130),(178,131),(179,132),(180,35),(181,24),(182,133),(182,134),(182,135),(182,136),(182,137),(182,138),(182,139),(182,140),(183,141),(184,31),(185,142),(186,143),(187,35),(188,20),(188,44),(188,45),(189,80),(190,104),(191,57),(192,104),(193,146),(194,147),(195,148),(196,149),(196,150),(197,151),(198,152),(199,152),(200,153),(201,47),(202,154),(203,27),(204,175),(205,47),(206,125),(207,155),(208,84),(209,156),(210,157),(211,48),(212,200),(213,158),(214,159),(214,160),(214,161),(214,162),(215,163),(216,164),(217,165),(218,166),(219,167),(220,35),(221,102),(222,151),(223,151),(224,63),(225,168),(225,169),(225,170),(225,171),(225,172),(225,173),(226,24),(227,151),(228,174),(229,175),(230,36),(231,176),(232,28),(233,157),(234,177),(235,178),(236,179),(237,37),(237,125),(238,125),(239,180),(240,181),(240,182),(241,183),(241,184),(242,185),(243,186),(244,63),(245,24),(246,187),(247,20),(247,188),(247,189),(248,190),(248,191),(249,40),(250,192),(251,193),(252,101),(253,194),(254,195),(255,195),(256,30),(257,196),(258,112),(259,197),(260,198),(260,199),(261,200),(262,201),(262,202),(263,35),(264,203),(265,47),(266,22),(267,204),(268,47),(269,22),(270,196),(270,205),(271,69),(272,57),(273,206),(274,40),(275,38),(276,207),(277,208),(277,209),(277,210),(278,208),(278,209),(278,210),(278,211),(279,40),(280,81),(281,56),(282,212),(283,213),(284,40),(285,214),(286,215),(287,79),(288,24),(289,181),(290,216),(291,217),(292,218),(292,219),(292,220),(293,218),(293,219),(293,220),(294,37),(294,125),(295,221),(296,24),(297,222),(298,223),(299,224),(300,155),(301,24),(302,122),(303,225),(304,226),(305,227),(306,227),(307,177),(308,193),(309,228),(309,229),(309,230),(310,60),(310,61),(310,231),(310,232),(311,233),(312,234),(313,57),(314,235),(315,235),(316,236),(317,237),(317,238),(317,239),(318,59),(319,165),(320,240),(322,41),(323,241),(324,242),(325,243),(325,244),(326,245),(327,50),(327,246),(328,63),(329,84),(330,33),(331,247),(332,175),(333,248),(334,249),(335,250),(336,251),(337,252),(338,253),(339,254),(340,255),(341,256),(342,9),(343,257),(344,258),(345,259),(347,260),(348,261),(349,262),(350,262),(351,263),(352,264),(353,12),(354,267),(355,268),(356,269),(357,270),(358,257),(359,271),(360,251),(361,272),(362,17),(363,273),(363,274),(364,262),(365,275),(366,254),(367,250),(368,276),(369,267),(370,262),(371,264),(372,277),(373,278),(374,279),(375,257),(376,264),(377,262),(378,280),(379,281),(381,225),(382,282),(383,283),(384,284),(385,285),(386,286),(387,287),(388,288),(389,40),(390,289),(391,252),(392,290),(393,7),(394,291),(395,292),(396,293),(397,294),(398,295),(399,288),(400,182),(401,296),(402,297),(407,42),(408,298),(409,299),(410,283),(411,262),(412,300),(413,301),(414,74),(415,149),(415,150),(417,301),(418,4),(419,254),(420,302),(421,303),(422,85),(423,270),(424,304),(425,85),(426,300),(427,305),(428,306),(429,270),(430,307),(431,308),(431,309),(432,274),(433,310),(434,154),(434,311),(435,234),(436,312),(437,254),(438,303),(439,288),(440,313),(441,3),(442,314),(443,315),(444,316),(445,317),(446,318),(447,319),(448,319),(449,320),(450,321),(451,301),(452,322),(453,323),(454,324),(455,4),(456,300),(457,325),(458,326),(459,10),(460,327),(461,328),(462,329),(463,330),(464,331),(465,251),(466,332),(467,321),(468,333),(469,84),(470,305),(471,85),(472,334),(473,335),(474,3),(475,336),(476,4),(478,337),(479,282),(480,262),(481,315),(482,338),(483,304),(484,234),(485,339),(486,328),(487,340),(488,341),(489,252),(491,87),(491,88),(492,342),(493,262),(494,343),(494,344),(495,345),(496,288),(497,331),(498,270),(499,336),(500,346),(501,198),(502,179),(503,56),(504,313),(505,85),(506,347),(507,348),(508,321),(509,349),(510,85),(512,350),(514,7),(515,351),(516,352),(518,300),(519,300),(520,353),(522,315),(523,283),(525,7),(527,354),(528,355),(529,330),(530,14),(531,356),(532,56),(533,24),(535,357),(536,57),(537,358),(538,359),(539,12),(540,305),(541,360),(542,242),(543,312),(544,361),(545,336),(546,362),(547,363),(548,364),(549,365),(550,4),(551,366),(552,85),(553,4),(554,273),(555,367),(556,47),(557,368),(557,369),(558,370),(559,371),(560,372),(561,373),(562,349),(563,9),(565,300),(566,85),(567,357),(568,356),(569,374),(570,63),(571,375),(573,282),(574,85),(575,353),(576,63),(577,376),(578,274),(579,376),(580,377),(581,56),(582,348),(583,378),(585,379),(586,380),(587,290),(595,252),(596,382),(597,175),(598,265),(600,7),(601,270),(602,270),(603,359),(604,9),(605,304),(606,383),(607,152),(608,384),(609,152),(610,313),(611,313),(612,385),(613,386),(613,387),(613,388),(613,389),(614,390),(615,303),(616,252),(617,251),(618,366),(619,290),(620,276),(621,313),(622,300),(623,391),(624,392),(625,233),(626,317),(627,151),(628,393),(629,14),(630,394),(631,395),(632,396),(633,359),(636,300),(637,254),(638,397),(639,288),(640,333),(641,398),(642,208),(643,376),(644,233),(645,44),(646,326),(647,251),(648,59),(649,9),(650,399),(651,270),(652,258),(653,257),(653,386),(654,85),(655,254),(656,400),(657,300),(658,252),(659,401),(659,402),(659,403),(660,274),(661,341),(662,404),(663,405),(664,185),(665,214),(666,406),(667,37),(667,125),(668,40),(669,40),(670,44),(672,407),(673,408),(674,409),(675,321),(679,410),(680,411),(681,412),(682,412);
/*!40000 ALTER TABLE `Composed` ENABLE KEYS */;
UNLOCK TABLES;

--
-- Table structure for table `Composer`
--

DROP TABLE IF EXISTS `Composer`;
/*!40101 SET @saved_cs_client     = @@character_set_client */;
/*!40101 SET character_set_client = utf8 */;
CREATE TABLE `Composer` (
  `ID` int(11) NOT NULL AUTO_INCREMENT,
  `FName` text,
  `LName` text,
  PRIMARY KEY (`ID`)
) ENGINE=InnoDB AUTO_INCREMENT=413 DEFAULT CHARSET=latin1;
/*!40101 SET character_set_client = @saved_cs_client */;

--
-- Dumping data for table `Composer`
--

LOCK TABLES `Composer` WRITE;
/*!40000 ALTER TABLE `Composer` DISABLE KEYS */;
INSERT INTO `Composer` VALUES (1,'Hugh','Martin'),(2,'Ralph','Blane'),(3,'Douglas','Court'),(4,'James','Curnow'),(5,'Noel','Regney'),(6,'Gloria','Shayne'),(7,'Clare','Grundman'),(8,'Bill','Holcombe'),(9,'George','Handel'),(10,'James','Ployhar'),(11,'Johnny','Marks'),(12,'Peter','Tchaikovsky'),(13,'Franz','Gruber'),(14,'Leroy','Anderson'),(15,'Jerry','Bilik'),(16,'Jerry','Herman'),(17,'Lloyd','Conley'),(18,'David','Paich'),(19,'Jeff','Porcaro'),(20,'Dizzy','Gillespie'),(21,'Frank','Paparelli'),(22,'Lennie','Niehaus'),(23,'James','Van Heusen'),(24,'Sammy','Nestico'),(25,'Earl','Brent'),(26,'Matt','Dennis'),(27,'Cole','Porter'),(28,'Mike','Carubia'),(29,'Herman','Hupfeld'),(30,'Paul','Clark'),(31,'Harry','Warren'),(32,'Larry','Barton'),(33,'Les','Aldrich'),(34,'Joseph','Kosma'),(35,'Matt','Harris'),(36,'Gregory','Yasinitsky'),(37,'Doug','Beach'),(38,'Frank','Mantooth'),(39,'Terry','Gilkyson'),(40,'Carl','Strommen'),(41,'Peter','Blair'),(42,'Josef','Zawinul'),(43,'Kenny','Dorham'),(44,'Harold','Arlen'),(45,'Irving','Berlin'),(46,'John','Coltrane'),(47,'Jay','Chattaway'),(48,'Roger','Pemberton'),(49,'Tom','Scott'),(50,'Lionel','Richie'),(51,'Ronald','LaPread'),(52,'Walter','Orange'),(53,'Milan','Williams'),(54,'Thomas','McClary'),(55,'William','King'),(56,'George','Gershwin'),(57,'Ralph','Gingery'),(58,'Ray','Henderson'),(59,'Herbie','Hancock'),(60,'Duke','Ellington'),(61,'Irving','Mills'),(62,'Juan','Tizol'),(63,'Victor','Lopez'),(64,'Paul','Jackson'),(65,'Harvey','Mason Jr.'),(66,'Bennie','Maupin'),(67,'Denis','Diblasio'),(68,'Benny','Golson'),(69,'Quincy','Jone'),(70,'Gordon','Goodwin'),(71,'Rube','Bloom'),(72,'Fred','Rose'),(73,'Walter','Hirsch'),(74,'Van','Morrison'),(75,'Chuck','Sayre'),(76,'Steve','Perry'),(77,'Neal','Schon'),(78,'Jonathan','Cain'),(79,'Sonny','Rollins'),(80,'Dominic','Spera'),(81,'Al','Cobine'),(82,'Ken','Harris'),(83,'Greg','Edwards'),(84,'Jeffrey','Taylor'),(85,'James','Swearingen'),(86,'Chuck','Mangione'),(87,'John','Lennon'),(88,'Paul','McCartney'),(89,'Hoagy','Carmichael'),(90,'Lewie','Steinberg'),(91,'Al','Jackson Jr.'),(92,'Booker','Jones'),(93,'Steve','Cropper'),(94,'Paul','Jennings'),(95,'Jack','Cooper'),(96,'Dave','Barduhn'),(97,'Earle','Hagen'),(98,'Jay','Beckenstein'),(99,'Lenny','Stack'),(100,'Thomas','Waller'),(101,'Jose','Diaz'),(102,'Fred','Sturm'),(103,'Morgan','Lewis'),(104,'Mike','Smukal'),(105,'Ben','Oakland'),(106,'Oscar','Hammerstein II'),(107,'Joe','Garland'),(108,'Jan','Savitt'),(109,'Johnny','Watson'),(110,'Roger','Nichols'),(111,'Johnson','Siblings'),(112,'Louis','Prima'),(113,'Ronald','Bell'),(114,'Claydes','Smith'),(115,'Robert','Mickens'),(116,'Donald','Boyce'),(117,'Richard','Westerfield'),(118,'Dennis','Thomas'),(119,'Robert','Bell'),(120,'George','Brown'),(121,'Jule','Styne'),(122,'Billy','Joel'),(123,'Leona','Blackman'),(124,'Eddie','Vinson'),(125,'George','Shutack'),(126,'Lester','Young'),(127,'Neil','Hefti'),(128,'Roberto','Menescal'),(129,'Freddie','Hubbard'),(130,'Lennie','Stack'),(131,'Russ','Michaels'),(132,'Valle','Siblings'),(133,'Sylvester','Allen'),(134,'Harold','Brown'),(135,'Morris','Dickerson'),(136,'Jerry','Goldstein'),(137,'Leroy','Jordan'),(138,'Lee','Oskar'),(139,'Charles','Miller'),(140,'Howard','Scott'),(141,'Keith','Jarrett'),(142,'Jimmy','Webb'),(143,'Richard','Maltby'),(144,'Walter','Fuller'),(145,'Luciano','Gonzales'),(146,'Bob','Washut'),(147,'Tom','Molter'),(148,'Karl','Suessdorf'),(149,'Jay','Livingston'),(150,'Ray','Evans'),(151,'Henry','Mancini'),(152,'Richard','Rodgers'),(153,'Kurt','Weill'),(154,'John','Kander'),(155,'Kris','Berg'),(156,'Reginald','Bryant'),(157,'Mike','Kamuf'),(158,'Burton','Lane'),(159,'Barry','Mann'),(160,'Cynthia','Weil'),(161,'Mike','Stoller'),(162,'Jerry','Leiber'),(163,'Bronislau','Kaper'),(164,'Ferde','Grofé'),(165,'Antonio','Jobim'),(166,'Bill','Svarda'),(167,'Colin','Hay'),(168,'James','Stuart'),(169,'Alan','Gorrie'),(170,'Roger','Ball'),(171,'Robbie','McIntosh'),(172,'Owen','McIntyre'),(173,'Malcolm','Duncan'),(174,'Robert','Woods'),(175,'Jerry','Nowak'),(176,'Mike','Tomaro'),(177,'Tom','Davis'),(178,'Andy','Clark'),(179,'Brian','Setzer'),(180,'Al','Vinci'),(181,'Clarence','Williams'),(182,'Spencer','Williams'),(183,'Tom','Bell'),(184,'Linda','Creed'),(185,'Julian','Adderley'),(186,'Christopher','Cross'),(187,'Bob','Parsons'),(188,'Johnny','Mercer'),(189,'Billy','Strayhorn'),(190,'Mick','Jagger'),(191,'Keith','Richards'),(192,'Gerald','Sebesky'),(193,'John','Berry'),(194,'Stephen','Sondheim'),(195,'Charles','Calhoun'),(196,'Frank','Foster'),(197,'Horace','Silver'),(198,'Otis','Redding'),(199,'Stephen','Cropper'),(200,'Robert','Lowden'),(201,'Rob','Thomas'),(202,'Itaal','Shur'),(203,'Sigmund','Romberg'),(204,'Loonis','McGlohon'),(205,'Count','Basie'),(206,'Steve','Wiest'),(207,'Tommy','Wolf'),(208,'Benny','Goodman'),(209,'Edgar','Sampson'),(210,'Chick','Webb'),(211,'Andy','Razaf'),(212,'Jerry','Gray'),(213,'Jim','Kurzdorfer'),(214,'Paul','Baker'),(215,'Ron','Keezer'),(216,'Larry','Neeck'),(217,'Pablo','Ruiz'),(218,'Ben','Bernie'),(219,'Maceo','Pinkard'),(220,'Kenneth','Casey'),(221,'Moe','Koffman'),(222,'Paul','Desmond'),(223,'Michael','McDonald'),(224,'Victor','Schertzinger'),(225,'Carmine','Pastore'),(226,'Steve','Allen'),(227,'Jeff','Jarvis'),(228,'B.','Buie'),(229,'J.','Cobb'),(230,'E.','Gordy'),(231,'Manny','Kurtz'),(232,'Albany','Bigard'),(233,'Dave','Black'),(234,'Vince','Gassi'),(235,'Charles','Shavers'),(236,'Mike','Reiman'),(237,'Randy','Jacobs'),(238,'David','Was'),(239,'Don','Was'),(240,'Stan','Pethel'),(241,'Ann','Ronnell'),(242,'Lalo','Schifrin'),(243,'Joe','Bishop'),(244,'Woody','Herman'),(245,'Charlie','Parker'),(246,'Brenda','Harvey-Richie'),(247,'Robert','Longfield'),(248,'F.','Meacham'),(249,'Karl','King'),(250,'David','Gorham'),(251,'Alfred','Reed'),(252,'Claude','Smith'),(253,'John','Cacavas'),(254,'David','Shaffer'),(255,'Edwin','Goldman'),(256,'Kenneth','Alford'),(257,'John','Williams'),(258,'Barry','Kopetz'),(259,'Julius','Fucik'),(260,'Jack','Bullock'),(261,'Jerry','Fielding'),(262,'Eric','Osterling'),(263,'Ted','Mesang'),(264,'John','Sousa'),(265,'Robert','Washburn'),(266,'None','None'),(267,'Steve','Hodges'),(268,'Soren','Hyldgaard'),(269,'Christoph','Bach'),(270,'Elliot','Del Borgo'),(271,'Harold','Bennett'),(272,'Edwin','Bagley'),(273,'Sandy','Feldstein'),(274,'John','O\'Reilly'),(275,'Fred','Jewell'),(276,'Johannes','Brahms'),(277,'Paul','Curnow'),(278,'Bruce','Preuninger'),(279,'Mark','Williams'),(280,'Johannes','Hanssen'),(281,'Bob','Cotter'),(282,'Leland','Forsblad'),(283,'Ed','Huckeby'),(284,'Jacob','De Haan'),(285,'Samuel','Barber'),(286,'John','Edmunds'),(287,'Douglas','Richard'),(288,'Frank','Erickson'),(289,'Caesar','Giovannini'),(290,'Wolfgang','Mozart'),(291,'Fernando','Sor'),(292,'Gary','Fagan'),(293,'Sarah','McLachlan'),(294,'Jay','Bocook'),(295,'George','Poulton'),(296,'Beach','Boys'),(297,'Howard','Shore'),(298,'Robert','Jager'),(299,'Maurice','Ravel'),(300,'John','Edmondson'),(301,'John','Tatgenhorst'),(302,'William','Himes'),(303,'Andrew','Balent'),(304,'Jan','Van der Roost'),(305,'Michael','Story'),(306,'Giovanni','Da Palestrina'),(307,'William','McBeth'),(308,'Cecil','Mack'),(309,'Jimmy','Johnson'),(310,'Chick','Corea'),(311,'Fred','Ebb'),(312,'David','Holsinger'),(313,'Robert','Sheldon'),(314,'Rick','Oliver'),(315,'Keith','Foley'),(316,'Ian','Hunter'),(317,'Alan','Menken'),(318,'Jeff','Smallman'),(319,'Aaron','Copland'),(320,'Modest','Moussorgsky'),(321,'Robert','Smith'),(322,'Max','Williams'),(323,'Todd','Stalter'),(324,'Mel','Leven'),(325,'Jacques','Offenbach'),(326,'Clifton','Williams'),(327,'Daniel','Bukvich'),(328,'Jared','Spears'),(329,'Donald','Coakley'),(330,'John','Kinyon'),(331,'Ludwig van','Beethoven'),(332,'Richard','Wagner'),(333,'Ralph','Williams'),(334,'Johann','Pachelbel'),(335,'George','Naff'),(336,'Anne','McGinty'),(337,'Franz','Haydn'),(338,'Paul','Simon'),(339,'Leo','Delibes'),(340,'Steven','Greenberg'),(341,'Ralph','Ford'),(342,'Gregory','Kerkorian'),(343,'Marty','O\'Donnell'),(344,'Michael','Salvatori'),(345,'Alexandre','Desplat'),(346,'Jerry','Williams'),(347,'John','Chance'),(348,'Steven','Reineke'),(349,'Charles','Carter'),(350,'Warren','Barker'),(351,'Percy','Grainger'),(352,'Ed','Robertson'),(353,'Johann','Bach'),(354,'Torrie','Zito'),(355,'Jim','Caudill'),(356,'Franz','Von Suppé'),(357,'Andrew','Webber'),(358,'Ernesto','Lecuona'),(359,'Gustav','Holst'),(360,'Claude-Michel','Schönberg'),(361,'Matthew','Wilder'),(362,'John','Morrissey'),(363,'Brian','Connery'),(364,'James','Horner'),(365,'Frederick','Loewe'),(366,'Edward','Grieg'),(367,'Leo','Arnaud'),(368,'Sy','Oliver'),(369,'Sid','Garris'),(370,'Orlando','Di Lasso'),(371,'James','Barnes'),(372,'Willis','Schaefer'),(373,'Ralph','Hermann'),(374,'Klaus','Badelt'),(375,'Douglas','Akey'),(376,'John','Higgins'),(377,'Melanie','Donahue'),(378,'Hugh','Stuart'),(379,'Chuck','Cassey'),(380,'Morley','Calvert'),(381,'Ida','Knowe'),(382,'Arcangelo','Corelli'),(383,'Danny','Elfman'),(384,'Thomas','Duffy'),(385,'Antonio','Vivaldi'),(386,'Alexander','Courage'),(387,'Gene','Roddenberry'),(388,'Jerry','Goldsmith'),(389,'Dennis','McCarthy'),(390,'Vaclav','Nelhybel'),(391,'Chuck','Rio'),(392,'Arthur','Schwartz'),(393,'Zane','Van Auken'),(394,'André','Jutras'),(395,'William','Latham'),(396,'Johnnie','Vinson'),(397,'Girolamo','Frescobaldi'),(398,'Timothy','Broege'),(399,'Dave','Brubeck'),(400,'Emile','Schillio'),(401,'Jimmie','Dodd'),(402,'Richard','Sherman'),(403,'Robert','Sherman'),(404,'Thad','Jones'),(405,'Tito','Puente'),(406,'Charles','Mingus'),(407,'Felix','Bernard'),(408,'Nat','Adderley'),(409,'Vince','Guaraldi'),(410,'Calixa','Lavallée'),(411,'Edward','Elgar'),(412,'John','Newton');
/*!40000 ALTER TABLE `Composer` ENABLE KEYS */;
UNLOCK TABLES;

--
-- Table structure for table `PHPTestTable`
--

DROP TABLE IF EXISTS `PHPTestTable`;
/*!40101 SET @saved_cs_client     = @@character_set_client */;
/*!40101 SET character_set_client = utf8 */;
CREATE TABLE `PHPTestTable` (
  `id` int(11) NOT NULL AUTO_INCREMENT,
  `name` tinytext,
  `cheese` tinytext,
  PRIMARY KEY (`id`)
) ENGINE=InnoDB AUTO_INCREMENT=11 DEFAULT CHARSET=latin1;
/*!40101 SET character_set_client = @saved_cs_client */;

--
-- Dumping data for table `PHPTestTable`
--

LOCK TABLES `PHPTestTable` WRITE;
/*!40000 ALTER TABLE `PHPTestTable` DISABLE KEYS */;
INSERT INTO `PHPTestTable` VALUES (1,'Rikin','Cheddar'),(2,'i like to eat','!'),(3,'Biz','Mozzarella'),(4,'Aaron','Fromage'),(5,'Mokshaaa','notyourcheese (nachocheese)'),(6,'Ishaan','Mozza'),(7,'Ishaan','Mozza'),(8,'',''),(9,'',''),(10,'Nice try :)','');
/*!40000 ALTER TABLE `PHPTestTable` ENABLE KEYS */;
UNLOCK TABLES;

--
-- Table structure for table `Part`
--

DROP TABLE IF EXISTS `Part`;
/*!40101 SET @saved_cs_client     = @@character_set_client */;
/*!40101 SET character_set_client = utf8 */;
CREATE TABLE `Part` (
  `ID` int(11) NOT NULL AUTO_INCREMENT,
  `PieceID` int(11) DEFAULT NULL,
  `Instrument` text CHARACTER SET utf8mb4,
  `Quantity` int(2) DEFAULT NULL,
  `Status` smallint(1) DEFAULT '0',
  `LastBorrowedBy` text CHARACTER SET utf8mb4,
  `DateBorrowed` date DEFAULT NULL,
  PRIMARY KEY (`ID`)
) ENGINE=InnoDB AUTO_INCREMENT=285 DEFAULT CHARSET=utf8;
/*!40101 SET character_set_client = @saved_cs_client */;

--
-- Dumping data for table `Part`
--

LOCK TABLES `Part` WRITE;
/*!40000 ALTER TABLE `Part` DISABLE KEYS */;
INSERT INTO `Part` VALUES (1,676,'Synth',2147483647,2,'Jaxone','2017-01-01'),(2,568,'Conductor',1,0,NULL,NULL),(3,568,'Flute',8,0,NULL,NULL),(4,568,'Oboe',1,0,NULL,NULL),(5,568,'Bassoon',1,0,NULL,NULL),(6,568,'B♭ Clarinet 1',4,0,NULL,NULL),(7,568,'B♭ Clarinet 2',4,0,NULL,NULL),(8,568,'B♭ Clarinet 3',4,0,NULL,NULL),(9,568,'E♭ Alto Clarinet',1,0,NULL,NULL),(10,568,'B♭ Bass Clarinet',2,0,NULL,NULL),(11,568,'E♭ Alto Saxophone 1',2,0,NULL,NULL),(12,568,'E♭ Alto Saxophone 2',2,0,NULL,NULL),(13,568,'B♭ Tenor Saxophone',2,0,NULL,NULL),(14,568,'E♭ Baritone Saxophone',1,0,NULL,NULL),(15,568,'B♭ Trumpet 1',4,0,NULL,NULL),(16,568,'B♭ Trumpet 2',4,0,NULL,NULL),(17,568,'F Horn',4,0,NULL,NULL),(18,568,'Trombone',4,0,NULL,NULL),(19,568,'Baritone B.C.',2,0,NULL,NULL),(20,568,'Baritone T.C.',2,0,NULL,NULL),(21,568,'Tuba',4,0,NULL,NULL),(22,568,'Convertible Bass Line',2,0,NULL,NULL),(23,568,'Percussion 1 (SD, BD)',2,0,NULL,NULL),(24,568,'Percussion 2 (Cr. Cym., Sus. Cyn., Anvil, Broke Drum, Whip, Bell Tree, Hi-Hat, Toms)',2,0,NULL,NULL),(25,568,'Mallet Percussion (Chimes, Bells, Xylo.)',2,0,NULL,NULL),(26,568,'Timpani',1,0,NULL,NULL),(27,14,'Full Score',1,0,NULL,NULL),(28,14,'Flute (Piccolo)',8,0,NULL,NULL),(29,14,'Oboe',2,0,NULL,NULL),(30,14,'B♭ Clarinet 1',4,0,NULL,NULL),(31,14,'B♭ Clarinet 2',4,0,NULL,NULL),(32,14,'B♭ Clarinet 3',4,0,NULL,NULL),(33,14,'E♭ Alto Clarinet',1,0,NULL,NULL),(34,14,'B♭ Bass Clarinet',2,0,NULL,NULL),(35,14,'Bassoon',2,0,NULL,NULL),(36,14,'E♭ Alto Saxophone 1',2,0,NULL,NULL),(37,14,'E♭ Alto Saxophone 2',2,0,NULL,NULL),(38,14,'B♭ Tenor Saxophone',2,0,NULL,NULL),(39,14,'E♭ Baritone Saxophone',1,0,NULL,NULL),(40,14,'B♭ Trumpet 1',2,0,NULL,NULL),(41,14,'B♭ Trumpet 2',2,0,NULL,NULL),(42,14,'B♭ Trumpet 3',2,0,NULL,NULL),(43,14,'F Horn 1',2,0,NULL,NULL),(44,14,'F Horn 2',2,0,NULL,NULL),(45,14,'Trombone 1',2,0,NULL,NULL),(46,14,'Trombone 2',2,0,NULL,NULL),(47,14,'Trombone 3',2,0,NULL,NULL),(48,14,'Baritone B.C.',2,0,NULL,NULL),(49,14,'Baritone T.C.',1,0,NULL,NULL),(50,14,'Tuba',4,0,NULL,NULL),(51,14,'String Bass',2,0,NULL,NULL),(52,14,'Mallet Percussion',1,0,NULL,NULL),(53,14,'Timpani',1,0,NULL,NULL),(54,14,'Percussion 1',2,0,NULL,NULL),(55,14,'Percussion 2',2,0,NULL,NULL),(56,12,'B♭ Clarinet 3',4,0,NULL,NULL),(57,12,'Full Score',1,0,NULL,NULL),(58,12,'C Piccolo',1,0,NULL,NULL),(59,12,'Flute',8,0,NULL,NULL),(60,12,'Oboe',2,0,NULL,NULL),(61,12,'E♭ Clarinet',1,0,NULL,NULL),(62,12,'B♭ Clarinet 1',4,0,NULL,NULL),(63,12,'B♭ Clarinet 2',4,0,NULL,NULL),(64,12,'B♭ Clarinet 3',4,0,NULL,NULL),(65,12,'E♭ Alto Clarinet',2,0,NULL,NULL),(66,12,'B♭ Bass Clarinet',2,0,NULL,NULL),(67,12,'Bassoon',2,0,NULL,NULL),(68,12,'E♭ Alto Saxophone 1',2,0,NULL,NULL),(69,12,'E♭ Alto Saxophone 2',2,0,NULL,NULL),(70,12,'B♭ Tenor Saxophone',2,0,NULL,NULL),(71,12,'E♭ Baritone Saxophone',1,0,NULL,NULL),(72,12,'B♭ Cornet 1',4,0,NULL,NULL),(73,12,'B♭ Cornet 2',4,0,NULL,NULL),(74,12,'B♭ Cornet 3',4,0,NULL,NULL),(75,12,'F Horn 1 & 2',4,0,NULL,NULL),(76,12,'F Horn 3 & 4',4,0,NULL,NULL),(77,12,'Trombone 1',2,0,NULL,NULL),(78,12,'Trombone 2',2,0,NULL,NULL),(79,12,'Trombone 3',2,0,NULL,NULL),(80,12,'Baritone T.C.',3,0,NULL,NULL),(81,12,'Baritone B.C.',3,0,NULL,NULL),(82,12,'Tuba',4,0,NULL,NULL),(83,12,'Basses',6,0,NULL,NULL),(84,12,'String Bass',1,0,NULL,NULL),(85,12,'Percussion',6,0,NULL,NULL),(86,12,'Timpani',1,0,NULL,NULL),(87,12,'Bells',1,0,NULL,NULL),(88,670,'Full Score',1,0,NULL,NULL),(89,670,'C Flute',6,0,NULL,NULL),(90,670,'Oboe',2,0,NULL,NULL),(91,670,'B♭ Clarinet 1',4,0,NULL,NULL),(92,670,'B♭ Clarinet 2',4,0,NULL,NULL),(93,670,'B♭ Bass Clarinet',2,0,NULL,NULL),(94,670,'Bassoon',2,0,NULL,NULL),(95,670,'E♭ Alto Saxophone',2,0,NULL,NULL),(96,670,'B♭ Tenor Saxophone',1,0,NULL,NULL),(97,670,'E♭ Baritone Saxophone',1,0,NULL,NULL),(98,670,'B♭ Trumpet 1',4,0,NULL,NULL),(99,670,'B♭ Trumpet 2',4,0,NULL,NULL),(100,670,'F Horn',4,0,NULL,NULL),(101,670,'Trombone',4,0,NULL,NULL),(102,670,'Baritone B.C.',2,0,NULL,NULL),(103,670,'Baritone T.C.',1,0,NULL,NULL),(104,670,'Tuba',4,0,NULL,NULL),(105,670,'Mallet Percussion (Bells)',1,0,NULL,NULL),(106,670,'Percussion 1 (SD, BD)',2,0,NULL,NULL),(107,670,'Percussion 2 (Sus. Cym., Triangle, Sleigh Bells, Cowbell)',3,0,NULL,NULL),(108,670,'E♭ Horn',4,0,NULL,NULL),(109,670,'B♭ Trombone T.C.',3,0,NULL,NULL),(110,670,'E♭ Tuba T.C.',4,0,NULL,NULL),(111,670,'B♭ Tuba T.C.',4,0,NULL,NULL),(112,16,'Conductor',1,0,NULL,NULL),(113,16,'Piccolo',1,0,NULL,NULL),(114,16,'Flute 1 & 2',8,0,NULL,NULL),(115,16,'Oboe',2,0,NULL,NULL),(116,16,'Bassoon',2,0,NULL,NULL),(117,16,'B♭ Clarinet 1',4,0,NULL,NULL),(118,16,'B♭ Clarinet 2',4,0,NULL,NULL),(119,16,'B♭ Clarinet 3',4,0,NULL,NULL),(120,16,'E♭ Alto Clarinet',1,0,NULL,NULL),(121,16,'B♭ Bass Clarinet',2,0,NULL,NULL),(122,16,'E♭ Alto Saxophone 1',2,0,NULL,NULL),(123,16,'E♭ Alto Saxophone 2',2,0,NULL,NULL),(124,16,'B♭ Tenor Saxophone',1,0,NULL,NULL),(125,16,'E♭ Baritone Saxophone',1,0,NULL,NULL),(126,16,'B♭ Cornet/Trumpet 1',3,0,NULL,NULL),(127,16,'B♭ Cornet/Trumpet 2',3,0,NULL,NULL),(128,16,'B♭ Cornet/Trumpet 3',3,0,NULL,NULL),(129,16,'F Horn 1 & 2',2,0,NULL,NULL),(130,16,'F Horn 3 & 4',2,0,NULL,NULL),(131,16,'Trombone 1',2,0,NULL,NULL),(132,16,'Trombone 2',2,0,NULL,NULL),(133,16,'Trombone 3',2,0,NULL,NULL),(134,16,'Baritone B.C.',2,0,NULL,NULL),(135,16,'Baritone T.C.',2,0,NULL,NULL),(136,16,'Basses',4,0,NULL,NULL),(137,16,'String Bass',1,0,NULL,NULL),(138,16,'Timpani',1,0,NULL,NULL),(139,16,'Mallets (Bells, Chimes)',2,0,NULL,NULL),(140,16,'Drums',3,0,NULL,NULL),(141,17,'Full Score',1,0,NULL,NULL),(142,17,'Conductor',1,0,NULL,NULL),(143,17,'Flute 1 & 2',5,0,NULL,NULL),(144,17,'Flute 3 (Piccolo)',1,0,NULL,NULL),(145,17,'Oboe 1 & 2',2,0,NULL,NULL),(146,17,'Bassoon 1 & 2',2,0,NULL,NULL),(147,17,'E♭ Clarinet',1,0,NULL,NULL),(148,17,'B♭ Clarinet 1',4,0,NULL,NULL),(149,17,'B♭ Clarinet 2',4,0,NULL,NULL),(150,17,'B♭ Clarinet 3',4,0,NULL,NULL),(151,17,'E♭ Alto Clarinet',2,0,NULL,NULL),(152,17,'B♭ Bass Clarinet',2,0,NULL,NULL),(153,17,'E♭ Alto Saxophone 1',1,0,NULL,NULL),(154,17,'E♭ Alto Saxophone 2',1,0,NULL,NULL),(155,17,'B♭ Tenor Saxophone',1,0,NULL,NULL),(156,17,'E♭ Baritone Saxophone',1,0,NULL,NULL),(157,17,'B♭ Cornet 1',3,0,NULL,NULL),(158,17,'B♭ Cornet 2',3,0,NULL,NULL),(159,17,'B♭ Cornet 3',3,0,NULL,NULL),(160,17,'F Horn 1 & 2',2,0,NULL,NULL),(161,17,'F Horn 3 & 4',2,0,NULL,NULL),(162,17,'Trombone 1',2,0,NULL,NULL),(163,17,'Trombone 2',1,0,NULL,NULL),(164,17,'Trombone 3',1,0,NULL,NULL),(165,17,'Baritone T.C.',2,0,NULL,NULL),(166,17,'Baritone B.C.',2,0,NULL,NULL),(167,17,'Tuba',6,0,NULL,NULL),(168,17,'String Bass',1,0,NULL,NULL),(169,17,'Timpani',1,0,NULL,NULL),(170,17,'Percussion 1 (Bess, Xylo., Chimes)',2,0,NULL,NULL),(171,17,'Percussion 2 (SD, BD, Pair of Cym., Sus. Cym., Triangle, Sleigh Bells)',2,0,NULL,NULL),(172,18,'Conductor',1,0,NULL,NULL),(173,18,'Flute/Piccolo 1',4,0,NULL,NULL),(174,18,'Flute 2',4,0,NULL,NULL),(175,18,'Oboe',2,0,NULL,NULL),(176,18,'Bassoon',2,0,NULL,NULL),(177,18,'B♭ Clarinet 1',4,0,NULL,NULL),(178,18,'B♭ Clarinet 2',4,0,NULL,NULL),(179,18,'B♭ Clarinet 3',4,0,NULL,NULL),(180,18,'E♭ Alto Clarinet',1,0,NULL,NULL),(181,18,'B♭ Bass Clarinet',1,0,NULL,NULL),(182,18,'E♭ Alto Saxophone 1',2,0,NULL,NULL),(183,18,'E♭ Alto Saxophone 2',2,0,NULL,NULL),(184,18,'B♭ Tenor Saxophone',2,0,NULL,NULL),(185,18,'E♭ Baritone Saxophone',1,0,NULL,NULL),(186,18,'B♭ Cornet 1',3,0,NULL,NULL),(187,18,'B♭ Cornet 2',3,0,NULL,NULL),(188,18,'B♭ Cornet 3',3,0,NULL,NULL),(189,18,'F Horn 1 & 2',2,0,NULL,NULL),(190,18,'F Horn 3 & 4',2,0,NULL,NULL),(191,18,'Trombone 1',2,0,NULL,NULL),(192,18,'Trombone 2',1,0,NULL,NULL),(193,18,'Trombone 3',1,0,NULL,NULL),(194,18,'Baritone B.C.',2,0,NULL,NULL),(195,18,'Baritone T.C.',2,0,NULL,NULL),(196,18,'String Bass',1,0,NULL,NULL),(197,18,'Drums (Opt. Set)',2,0,NULL,NULL),(198,18,'Timpani/Sleigh Bells',1,0,NULL,NULL),(199,18,'Mallets (Chimes, Bells)',1,0,NULL,NULL),(260,19,'Full Score',1,0,NULL,'0000-00-00'),(261,19,'Flute (Piccolo)',10,0,NULL,'0000-00-00'),(262,19,'Oboe',2,0,NULL,'0000-00-00'),(263,19,'Bassoon',2,0,NULL,'0000-00-00'),(264,19,'E♭ Clarinet',1,0,NULL,'0000-00-00'),(265,19,'B♭ Clarinet 1',4,0,NULL,'0000-00-00'),(266,19,'B♭ Clarinet 2',4,0,NULL,'0000-00-00'),(267,19,'B♭ Clarinet 3',4,0,NULL,'0000-00-00'),(268,19,'E♭ Alto Clarinet',1,0,NULL,'0000-00-00'),(269,19,'B♭ Bass Clarinet',2,0,NULL,'0000-00-00'),(270,19,'E♭ Contra Alto Clarinet',1,0,NULL,'0000-00-00'),(271,19,'E♭ Alto Saxophone 1',2,0,NULL,'0000-00-00'),(272,19,'E♭ Alto Saxophone 2',2,0,NULL,'0000-00-00'),(273,19,'B♭ Tenor Saxophone',2,0,NULL,'0000-00-00'),(274,19,'E♭ Baritone Saxophone',2,0,NULL,'0000-00-00'),(275,19,'B♭ Trumpet 1',3,0,NULL,'0000-00-00'),(276,19,'B♭ Trumpet 2',3,0,NULL,'0000-00-00'),(277,19,'B♭ Trumpet 3',3,0,NULL,'0000-00-00'),(278,19,'F Horn 1 & 2',2,0,NULL,'0000-00-00'),(279,19,'F Horn 3 & 4',2,0,NULL,'0000-00-00'),(280,19,'Trombone 1',2,0,NULL,'0000-00-00'),(281,19,'Trombone 2',2,0,NULL,'0000-00-00'),(282,19,'Trombone 3',2,0,NULL,'0000-00-00'),(283,19,'Trombone',42,0,'Rikin Gurditta','2000-09-29'),(284,677,'Roland TR808',808,1,'Jaxone','2017-01-20');
/*!40000 ALTER TABLE `Part` ENABLE KEYS */;
UNLOCK TABLES;

--
-- Table structure for table `Piece`
--

DROP TABLE IF EXISTS `Piece`;
/*!40101 SET @saved_cs_client     = @@character_set_client */;
/*!40101 SET character_set_client = utf8 */;
CREATE TABLE `Piece` (
  `ID` int(11) NOT NULL,
  `Name` text CHARACTER SET latin1 NOT NULL,
  `Category` tinytext CHARACTER SET latin1,
  `PublisherID` int(11) NOT NULL,
  PRIMARY KEY (`ID`),
  KEY `Publisher_idx` (`PublisherID`),
  CONSTRAINT `Publisher` FOREIGN KEY (`PublisherID`) REFERENCES `Publisher` (`ID`) ON DELETE NO ACTION ON UPDATE NO ACTION
) ENGINE=InnoDB DEFAULT CHARSET=utf8;
/*!40101 SET character_set_client = @saved_cs_client */;

--
-- Dumping data for table `Piece`
--

LOCK TABLES `Piece` WRITE;
/*!40000 ALTER TABLE `Piece` DISABLE KEYS */;
INSERT INTO `Piece` VALUES (1,'Christmas Classics Vol.1','XmasJazz',93),(2,'Christmas Medley','XmasJazz',3),(3,'Easy Jazz Ensemble Series: Pak 20','XmasJazz',87),(4,'Have Yourself a Merry Little Christmas','XmasJazz',67),(5,'Jingle Bells','XmasJazz',210),(6,'O Come All Ye Faithful','XmasJazz',19),(7,'Santa Claus is Comin\' to Town','XmasJazz',131),(8,'Silent Night','XmasJazz',41),(9,'Sleigh Ride','XmasJazz',139),(10,'We Wish You a Cookin\' Christmas','XmasJazz',116),(11,'When the Saints Go Marchin\' In','XmasJazz',116),(12,'Canticle of Carols','XmasJazz',87),(13,'Christmas Classics','Xmas',3),(14,'A Christmas Collage','Xmas',45),(15,'Christmas Curtain Raiser','Xmas',3),(16,'A Christmas Fantasia','Xmas',87),(17,'Christmas Music For Winds','Xmas',23),(18,'Christmas Recollections','Xmas',94),(19,'Christmas Rhapsody','Xmas',105),(20,'Christmas Rock!','Xmas',35),(21,'Christmas Sketches','Xmas',33),(22,'Christmas Time','Xmas',145),(23,'Coventry Carol','Xmas',17),(24,'Deck the Halls and All that Jazz','Xmas',3),(25,'Do You Hear What I Hear','Xmas',110),(26,'Easy Play Pak #1','Xmas',87),(27,'Echo Carol','Xmas',87),(28,'An English Christmas','Xmas',21),(29,'Fanfare Prelude on \"Joy to the World\"','Xmas',105),(30,'The First Noel','Xmas',105),(31,'Go Tell it On the Mountain','Xmas',142),(32,'God Rest Ye, Merry Gentlemen','Xmas',211),(33,'Great Songs of Christmas Set II','Xmas',161),(34,'&quot;Handel&quot; For Christmas','Xmas',166),(35,'The Happy Sound of Christmas','Xmas',190),(36,'Holiday Riff','Xmas',17),(37,'Home for Christmas','Xmas',205),(38,'I Heard the Bells on Christmas Day/A Holly Jolly Christmas','Xmas',184),(39,'Joyous Christmas Spirit','Xmas',87),(40,'Themes from the Nutcracker Suite','Xmas',17),(41,'An Old English Christmas','Xmas',28),(42,'A Royal Christmas','Xmas',205),(43,'Rudolph in Wonderland','Xmas',105),(44,'Saint Nicholas Suite','Xmas',87),(45,'Sleep in Heavenly Peace','Xmas',17),(46,'Sleigh Ride','Xmas',139),(47,'The Special Sounds of Christmas','Xmas',87),(48,'Sounds of the Season','Xmas',13),(49,'The Twelve Days of Christmas','Xmas',175),(50,'The Twelve Days of Christmas 2','Xmas',105),(51,'A Very Merry Christmas','Xmas',142),(52,'We Need A Little Christmas','Xmas',108),(53,'Yuletide Chimes','Xmas',185),(54,'Africa','Jazz',97),(55,'A Night in Tunisia','Jazz',199),(56,'Abroad on Four','Jazz',38),(57,'All the Way','Jazz',128),(58,'A Little Happiness','Jazz',87),(59,'Angel Eyes','Jazz',151),(60,'Anything Goes','Jazz',205),(61,'Arubian Island','Jazz',205),(62,'As Time Goes By','Jazz',205),(63,'A Time To Say Goodbye','Jazz',19),(64,'At Last','Jazz',67),(65,'Attitude Adjustment','Jazz',19),(66,'As I Look at You','Jazz',19),(67,'Autumn Leaves','Jazz',72),(68,'Baby Drives a Fast Car','Jazz',19),(69,'Backyard Blues','Jazz',130),(70,'Back on Track','Jazz',5),(71,'Back to the Blues','Jazz',53),(72,'Bad Burn in Poteau','Jazz',87),(73,'The Bare Necessities','Jazz',216),(74,'BBI Developing Stage Band Kit I','Jazz',18),(75,'Ben\'s Blues','Jazz',17),(76,'Beyond the Shadows','Jazz',93),(77,'Birdland','Jazz',141),(78,'Biscuits \'N\' Honey','Jazz',87),(79,'Blue Bossa','Jazz',178),(80,'Blues in the Night','Jazz',205),(81,'Blue Skies','Jazz',101),(82,'Blue Train','Jazz',114),(83,'Boomerang','Jazz',211),(84,'Bossa Fuego','Jazz',185),(85,'Bossa Niecasa','Jazz',87),(86,'Bottom Line','Jazz',19),(87,'Breezin\' Easy','Jazz',95),(88,'Brick House','Jazz',111),(89,'Bringin\' It On!','Jazz',19),(90,'But Not For Me','Jazz',205),(91,'But Wait... There\'s More!','Jazz',211),(92,'Bye Bye Blackbird','Jazz',205),(93,'Cantaloupe Island','Jazz',89),(94,'Caravan','Jazz',69),(95,'Caribbean Dance','Jazz',17),(96,'Chameleon','Jazz',88),(97,'Cinnamon Toast','Jazz',75),(98,'Coconut Champagne','Jazz',132),(99,'Cool Down','Jazz',38),(100,'Cool Joe, Mean Joe (Killer Joe)','Jazz',98),(101,'Cotton Tail','Jazz',73),(102,'Count Bubba\'s Revenge','Jazz',214),(103,'Coyote Cafe','Jazz',17),(104,'Crunchy Frog','Jazz',214),(105,'Darn That Dream','Jazz',121),(106,'Day In, Day Out','Jazz',87),(107,'Deep Blue','Jazz',5),(108,'Deed I Do','Jazz',27),(109,'Domino','Jazz',205),(110,'Do Nothin\' Till You Hear From Me','Jazz',70),(111,'Don\'t Lose the Blues','Jazz',39),(112,'Don\'t Stop Believin\'','Jazz',209),(113,'Down to the Wire','Jazz',53),(114,'Doxy','Jazz',165),(115,'Dr. Dues & Co.','Jazz',87),(116,'Dr. Hekyl and Mr. Jive','Jazz',187),(117,'Dynamo','Jazz',91),(118,'Easy Cookin\'','Jazz',185),(119,'Easy Mover','Jazz',3),(120,'Easy Rider','Jazz',17),(121,'Easy Street','Jazz',17),(122,'Eclipse','Jazz',211),(123,'Exit 135 North','Jazz',19),(124,'Exit With the Blues','Jazz',93),(125,'Fascinating Rhythm','Jazz',205),(126,'Feels So Good','Jazz',83),(127,'Fire & Brimstone','Jazz',211),(128,'The Fool on the Hill','Jazz',182),(129,'Free Spirit','Jazz',87),(130,'Fun and Games','Jazz',83),(131,'Georgia On My Mind','Jazz',154),(132,'Give It Up','Jazz',17),(133,'Green Onions','Jazz',55),(134,'Grooved Pavement','Jazz',17),(135,'Gnu Shoes','Jazz',105),(136,'Groove Daze','Jazz',17),(137,'Hannah\'s Blues','Jazz',105),(138,'Happy Feelin\'','Jazz',38),(139,'Harlem Nocturne','Jazz',179),(140,'Headlines','Jazz',211),(141,'Headin\' Home','Jazz',76),(142,'The Heat\'s On','Jazz',12),(143,'Heliopolis','Jazz',90),(144,'Hip Hoppin\'','Jazz',19),(145,'Hit and Run','Jazz',211),(146,'Honeysuckle Rose','Jazz',35),(147,'Hooking the Flavors','Jazz',17),(148,'Horsepower','Jazz',93),(149,'How High the Moon','Jazz',35),(150,'If I Could Fly','Jazz',17),(151,'I\'ll Take Romance','Jazz',23),(152,'In the Mood','Jazz',179),(153,'In the Mood 2','Jazz',179),(154,'In the Pocket','Jazz',211),(155,'It\'s A Wonderful World','Jazz',170),(156,'I\'ve Got You Under My Skin','Jazz',35),(157,'I Won\'t Last A Day Without You','Jazz',6),(158,'The Jade Tree','Jazz',76),(159,'Jersey Bounce','Jazz',121),(160,'Jump, Jive An\' Wail','Jazz',85),(161,'Jungle Boogie','Jazz',207),(162,'Just For You','Jazz',19),(163,'Just In Time','Jazz',35),(164,'Just the Way You Are','Jazz',99),(165,'Kidney Stew Blues','Jazz',37),(166,'Land of Make Believe','Jazz',83),(167,'Last Call','Jazz',53),(168,'Latin Lesson','Jazz',17),(169,'Lazy Boots','Jazz',75),(170,'Lester Leaps In','Jazz',205),(171,'Lil\' Darlin\'','Jazz',146),(172,'Lincoln County Bound','Jazz',53),(173,'Lionelville','Jazz',53),(174,'Listen to the Wind','Jazz',83),(175,'Little Boat (O Barquinho)','Jazz',54),(176,'Little Sunflower','Jazz',96),(177,'Live!','Jazz',105),(178,'Livin\' It Up!','Jazz',93),(179,'Look Who\'s Mine','Jazz',103),(180,'The Looking Glass','Jazz',130),(181,'Loose Change','Jazz',75),(182,'Low Rider','Jazz',74),(183,'Lucky Southern','Jazz',117),(184,'Lullaby of Broadway','Jazz',205),(185,'MacArthur Park','Jazz',31),(186,'Malibu Mud','Jazz',116),(187,'Mambo De Memo','Jazz',130),(188,'Manteca','Jazz',42),(189,'Meridian Blue','Jazz',87),(190,'Mi Corazón','Jazz',17),(191,'Midnight Passage','Jazz',211),(192,'Mind Your P\'s and Q\'s','Jazz',17),(193,'A Minor Case of the Blues','Jazz',93),(194,'Minor Details','Jazz',19),(195,'Moonlight in Vermont','Jazz',137),(196,'Mona Lisa','Jazz',73),(197,'Mr. Lucky','Jazz',150),(198,'My Favorite Things','Jazz',212),(199,'My Romance','Jazz',162),(200,'My Ship','Jazz',100),(201,'Mystery Woman','Jazz',211),(202,'Theme from New York, New York','Jazz',197),(203,'Night and Day','Jazz',205),(204,'Night Life','Jazz',211),(205,'Night Winds','Jazz',211),(206,'Nina\'s Song','Jazz',53),(207,'No Hablo Español','Jazz',17),(208,'No More Hassles','Jazz',211),(209,'Now is the Time','Jazz',177),(210,'Now What','Jazz',4),(211,'Ode to Sister Sue','Jazz',185),(212,'Old Bill','Jazz',19),(213,'On a Clear Day (You Can See Forever)','Jazz',205),(214,'On Broadway','Jazz',177),(215,'On Green Dolphin Street','Jazz',136),(216,'On the Trail','Jazz',70),(217,'One Note Samba','Jazz',54),(218,'Over and Over','Jazz',185),(219,'Overkill','Jazz',9),(220,'Pachinko','Jazz',129),(221,'Perfect Pitch','Jazz',93),(222,'Peter Gunn','Jazz',149),(223,'Peter Gunn 2','Jazz',150),(224,'Phat Kat','Jazz',17),(225,'Pick Up the Pieces','Jazz',11),(226,'Piece O\' Cake','Jazz',76),(227,'Pink Panther','Jazz',149),(228,'Play It Cool','Jazz',93),(229,'Playin\' the Blues','Jazz',193),(230,'Put It On My Tab','Jazz',5),(231,'Pump It Up','Jazz',53),(232,'Quiero Más','Jazz',17),(233,'Ready Freddie','Jazz',17),(234,'Right Back At Ya!','Jazz',17),(235,'Rock-It Science','Jazz',19),(236,'Rock This Town','Jazz',34),(237,'Rock Rhythms','Jazz',53),(238,'Romancing the Chili Pepper','Jazz',53),(239,'Roxbury','Jazz',185),(240,'Royal Garden Blues','Jazz',179),(241,'Rubberband Man','Jazz',207),(242,'Sack of Woe','Jazz',201),(243,'Sailing','Jazz',163),(244,'Sambeando','Jazz',17),(245,'Sam\'s Boogie','Jazz',116),(246,'Sammy\'s Groove','Jazz',211),(247,'Satin Doll','Jazz',205),(248,'(I Can\'t Get No) Satisfaction','Jazz',1),(249,'Saturday\'s Child','Jazz',3),(250,'Sax Appeal','Jazz',185),(251,'Sax Case Full O\' Blues','Jazz',105),(252,'Say What?','Jazz',17),(253,'Send in the Clowns','Jazz',169),(254,'Shake, Rattle and Roll','Jazz',196),(255,'Shake, Rattle and Roll 2','Jazz',196),(256,'Shark Bait','Jazz',19),(257,'Shiny Stockings','Jazz',125),(258,'Sing, Sing, Sing','Jazz',170),(259,'Sister Sadie','Jazz',56),(260,'Sittin\' On the Dock of The Bay','Jazz',102),(261,'Slightly Saxy','Jazz',19),(262,'Smooth','Jazz',66),(263,'Snooze You Lose Blues','Jazz',129),(264,'Softly, As In a Morning Sunrise','Jazz',205),(265,'Sombrero','Jazz',208),(266,'Some Like It Blues','Jazz',38),(267,'Songbird','Jazz',135),(268,'Song for My Daughter','Jazz',211),(269,'Sorta the Blues','Jazz',87),(270,'Blues in Hoss Flat','Jazz',52),(271,'Soul Bossa Nova','Jazz',181),(272,'Soul Squeeze','Jazz',211),(273,'South 21st Shuffle','Jazz',132),(274,'Southern Cross','Jazz',17),(275,'Speakin\' of Dave','Jazz',87),(276,'Spring Can Really Hang You Up the Most','Jazz',215),(277,'Stompin\' At the Savoy','Jazz',170),(278,'Stompin\' At the Savoy 2','Jazz',157),(279,'Straight Ahead','Jazz',3),(280,'Straight as a String','Jazz',186),(281,'Strike Up the Band','Jazz',147),(282,'A String Of Pearls','Jazz',144),(283,'String Soup','Jazz',90),(284,'Stro\'s Place','Jazz',17),(285,'Strollin\' With Sammy','Jazz',17),(286,'Stronger than Dirt','Jazz',87),(287,'St. Thomas','Jazz',165),(288,'Sudden Sam','Jazz',75),(289,'Sugar Blues','Jazz',158),(290,'Super-Sized','Jazz',19),(291,'Sway (Quien Sera)','Jazz',57),(292,'Sweet Georgia Brown','Jazz',205),(293,'Sweet Georgia Brown 2','Jazz',205),(294,'Swing Rhythms','Jazz',53),(295,'The Swingin\' Shepherd Blues','Jazz',115),(296,'Swing Street','Jazz',75),(297,'Take Five','Jazz',51),(298,'Takin\' It to the Streets','Jazz',189),(299,'Tangerine','Jazz',73),(300,'Tastes Like Chicken','Jazz',17),(301,'Tater-Patch','Jazz',87),(302,'Tell Her About It','Jazz',112),(303,'Temprana es la Noche','Jazz',14),(304,'This Could Be the Start of Something Big','Jazz',171),(305,'Tiger Lady','Jazz',116),(306,'Time Lock','Jazz',116),(307,'Time Lock 2','Jazz',93),(308,'Time Warp','Jazz',105),(309,'Traces','Jazz',123),(310,'Tribute to the Duke','Jazz',139),(311,'Tuned Out','Jazz',19),(312,'Tweet','Jazz',17),(313,'Two-Deck Shuffle','Jazz',211),(314,'Undecided','Jazz',133),(315,'Undecided 2','Jazz',133),(316,'Vera Cruz Love','Jazz',53),(317,'Walk the Dinosaur','Jazz',133),(318,'Watermelon Man','Jazz',89),(319,'Waters of March (Águas de Março)','Jazz',43),(320,'Welcome to the Warp Zone','Jazz',19),(321,'Whoopin\' Blues','Jazz',53),(322,'The Wicked  Boogie-Woogie','Jazz',93),(323,'Willow Weep For Me','Jazz',8),(324,'Witch Doctor','Jazz',176),(325,'Woodchopper\'s Ball','Jazz',120),(326,'Yardbird Suite','Jazz',10),(327,'You Are','Jazz',25),(328,'You Snooze, You Lose!','Jazz',59),(329,'You Too','Jazz',211),(330,'You\'re Simply Wonderful','Jazz',19),(331,'The Ambassador','Concert',93),(332,'The American Festival March','Concert',18),(333,'American Patrol','Concert',3),(334,'Barnum and Bailey\'s Favorite','Concert',17),(335,'Bayview March','Concert',213),(336,'The Big East March','Concert',145),(337,'Black Watch','Concert',105),(338,'Burnished Brass','Concert',32),(339,'Burst of Brass','Concert',19),(340,'The Chimes of Liberty','Concert',19),(341,'Colonel Bogey','Concert',32),(342,'The Conqueror\'s March','Concert',105),(343,'Coronation March','Concert',78),(344,'Downing Street March','Concert',145),(345,'Florentiner March','Concert',32),(346,'Great Movie Marches','Concert',179),(347,'Highland Park','Concert',17),(348,'Hogan\'s Heroes March','Concert',15),(349,'Jaguar','Concert',105),(350,'Le Sabre','Concert',105),(351,'Little Champ','Concert',32),(352,'Manhattan Beach','Concert',191),(353,'March Entr\'acte','Concert',105),(354,'March for Freedom','Concert',3),(355,'Marche Americana','Concert',7),(356,'Marche Noble','Concert',124),(357,'Marche Royale','Concert',116),(358,'Midway March','Concert',54),(359,'Military Escort','Concert',32),(360,'Mr. Music!','Concert',19),(361,'National Emblem','Concert',32),(362,'Nuthatch','Concert',185),(363,'Pikes Peak March','Concert',3),(364,'Pulsar','Concert',105),(365,'Quality Plus','Concert',19),(366,'Raging Thunder','Concert',19),(367,'Red Oak March','Concert',213),(368,'Royal March','Concert',17),(369,'Skyline March','Concert',3),(370,'The Sounder','Concert',105),(371,'Sousa Spectacular','Concert',19),(372,'Springfield Regiment','Concert',46),(373,'Summerset March','Concert',3),(374,'Swashbuckler\'s March','Concert',3),(375,'John Williams: The Symphonic Marches','Concert',207),(376,'The Thunderer','Concert',32),(377,'Timberline','Concert',107),(378,'Valdres','Concert',148),(379,'Vanguard','Concert',105),(380,'Your Father\'s Mustache','Concert',105),(381,'A Call for Peace','Concert',45),(382,'A Touch of Brass','Concert',87),(383,'Acclamations','Concert',19),(384,'Adagietto','Concert',48),(385,'Adagio for Strings','Concert',81),(386,'Aeolian Winds','Concert',3),(387,'A Hero\'s Return','Concert',3),(388,'Air For Band','Concert',23),(389,'A Knight\'s Tale','Concert',3),(390,'Alla Barocco','Concert',174),(391,'Allegro and Intermezzo','Concert',105),(392,'Amadeus!','Concert',104),(393,'American Folk Rhapsody','Concert',21),(394,'Andantino','Concert',134),(395,'Aquia Hills','Concert',3),(396,'Angel','Concert',182),(397,'Ascensions','Concert',87),(398,'Aura Lee','Concert',166),(399,'Balladair','Concert',23),(400,'Basin Street Blues','Concert',62),(401,'Beach Boys Forever','Concert',102),(402,'Believe','Concert',44),(403,'Big Bad Voodoo Daddy in Concert','Concert',87),(404,'Big Band Classics','Concert',205),(405,'Big Band Favorites','Concert',87),(406,'Big Band Bash','Concert',170),(407,'Birdland','Concert',141),(408,'Bold Venture','Concert',145),(409,'Bolero','Concert',113),(410,'Brandon Bay','Concert',19),(411,'Brass Brilliante','Concert',105),(412,'Briarwood Overture','Concert',5),(413,'Broadmoor Fantasie','Concert',19),(414,'Brown Eyed Girl','Concert',198),(415,'Buttons and Bows','Concert',73),(416,'Calypso Holiday','Concert',166),(417,'Cambridge','Concert',19),(418,'Canadian Folk Song Rhapsody','Concert',105),(419,'Canadian Sketches','Concert',19),(420,'Caprice','Concert',84),(421,'Cardinal Overture','Concert',32),(422,'Carolina Legend','Concert',19),(423,'Cedar Crest Overture','Concert',211),(424,'Centennial Prelude','Concert',49),(425,'Centuria','Concert',19),(426,'Ceremonium','Concert',19),(427,'Challenge the Future','Concert',17),(428,'Chant','Concert',35),(429,'Chant and Jubilee','Concert',17),(430,'Chant and Jubilo','Concert',183),(431,'Charleston','Concert',205),(432,'Chesapeake Overture','Concert',3),(433,'Chick Corea Olé','Concert',122),(434,'Chicago','Concert',196),(435,'Chimera','Concert',17),(436,'A Childhood Hymn','Concert',213),(437,'Chinook Wind Rhapsody','Concert',19),(438,'Chorale and Festival March','Concert',23),(439,'Chorale for Band','Concert',32),(440,'Choreography','Concert',3),(441,'Cityscapes','Concert',45),(442,'Classical Hallmarks','Concert',87),(443,'Clear Choice','Concert',106),(444,'Cleveland Rocks','Concert',65),(445,'Colors of the Wind','Concert',216),(446,'Coming Home','Concert',63),(447,'A Copland Portrait','Concert',21),(448,'A Copland Tribute','Concert',21),(449,'Coronation Scene','Concert',172),(450,'Covenant','Concert',17),(451,'Coventry','Concert',19),(452,'Craigellachie!','Concert',131),(453,'Critical Mass','Concert',3),(454,'Cruella de Vil','Concert',203),(455,'The Crusaders','Concert',105),(456,'Crystal City Overture','Concert',19),(457,'Dance Parisienne','Concert',166),(458,'Dedicatory Overture','Concert',160),(459,'Devonshire Overture','Concert',17),(460,'Dinosaurs','Concert',156),(461,'At a Dixieland Jazz Funeral','Concert',19),(462,'Donkey Riding','Concert',63),(463,'Egmont','Concert',32),(464,'El Camino Real','Concert',160),(465,'Elsa\'s Procession to the Cathedral','Concert',205),(466,'Encanto','Concert',143),(467,'English Folk Song Suite','Concert',21),(468,'Entrada','Concert',211),(469,'Evangeline: Two Cajun Songs','Concert',17),(470,'Exaltation','Concert',30),(471,'Famous Canon','Concert',32),(472,'Fanfare, Dance & Serenade','Concert',105),(473,'Fanfare Esprit','Concert',45),(474,'Fanfare and Fantasy','Concert',19),(475,'Fanfare Prelude on \"God of our Father\"','Concert',105),(476,'Fantasia 2000','Concert',87),(477,'Farewell Symphony','Concert',93),(478,'Festive Prologue','Concert',87),(479,'Fire Brand','Concert',105),(480,'Firefall','Concert',105),(481,'The Fifty Ninth Street Bridge Song','Concert',153),(482,'Flashing Winds','Concert',48),(483,'Flight of the Intrepid','Concert',4),(484,'Flower Duet','Concert',17),(485,'Forest Park Overture','Concert',29),(486,'Funkytown','Concert',168),(487,'Galileo\'s Vision','Concert',17),(488,'Galop Humoresque','Concert',105),(489,'German Masters Suite','Concert',60),(490,'Get Back','Concert',182),(491,'Grandma\'s Lullaby','Concert',118),(492,'Guadalupe','Concert',105),(493,'Halo Theme','Concert',138),(494,'Harry Potter and the Deathly Hallows - Part 2','Concert',206),(495,'Heritage Hills','Concert',17),(496,'Heroic Variations','Concert',17),(497,'Hopak','Concert',4),(498,'Hyperion Overture','Concert',19),(499,'H2Overture','Concert',19),(500,'I Can\'t Turn You Loose','Concert',102),(501,'If You Can\'t Rock Me','Concert',40),(502,'I Got Rhythm','Concert',147),(503,'Images','Concert',19),(504,'In All Its Glory','Concert',19),(505,'Incantation and Dance','Concert',21),(506,'Into the Raging River','Concert',19),(507,'Into the Storm','Concert',17),(508,'Introduction and Caprice','Concert',30),(509,'Invicta','Concert',30),(510,'Irish Ballade and March','Concert',3),(511,'An Irish Interlude','Concert',3),(512,'An Irish Party in Third Class','Concert',82),(513,'An Irish Rhapsody','Concert',21),(514,'Irish Tune from County Derry and Shepherd\'s Hey','Concert',155),(515,'Is Somebody Singing','Concert',194),(516,'Tribute to Turner','Concert',195),(517,'Jazz Ballad','Concert',58),(518,'Jazz Cat','Concert',58),(519,'Jesu, Joy of Man\'s Desiring','Concert',32),(520,'Joshua','Concert',204),(521,'Jubilance','Concert',21),(522,'Jubiloso','Concert',19),(523,'Just a Closer Walk with Thee','Concert',152),(524,'Kentucky-1800','Concert',21),(525,'The King of Rock N\' Roll','Concert',109),(526,'La Fiesta de la Roca','Concert',3),(527,'Landmark Overture','Concert',87),(528,'Legend','Concert',3),(529,'A Leroy Anderson Portrait','Concert',139),(530,'Light Cavalry Overture','Concert',3),(531,'The \"Little\" Rhapsody in Blue','Concert',147),(532,'Los Valientes','Concert',75),(533,'Concerto for Madison Avenue (and Band)','Concert',105),(534,'The Magic of Andrew Lloyd Webber','Concert',120),(535,'Main Street Blues','Concert',211),(536,'Malagueña','Concert',61),(537,'Mars','Concert',21),(538,'Tchaikovsky: March Finale','Concert',205),(539,'Migrations','Concert',17),(540,'Medley from Miss Saigon','Concert',2),(541,'Mission: Impossible Theme','Concert',26),(542,'Mobbusters!','Concert',213),(543,'Mulan','Concert',203),(544,'Music for a Celebration','Concert',21),(545,'Music for a Ceremony','Concert',32),(546,'Music for a Festival','Concert',45),(547,'Music from Titanic','Concert',73),(548,'Selections from My Fair Lady','Concert',35),(549,'Northern Legend','Concert',87),(550,'Norwegian Songs','Concert',48),(551,'Novena','Concert',30),(552,'Nathan Hale Trilogy','Concert',143),(553,'Oakwood Overture','Concert',3),(554,'Olympic Fanfare from Bugler\'s Dream','Concert',180),(555,'Odyssey','Concert',211),(556,'Opus One','Concert',64),(557,'Orlando Suite','Concert',48),(558,'Overture Energico','Concert',17),(559,'Overture: Fanfare and Capriccio','Concert',23),(560,'Overture Heroic','Concert',118),(561,'Overture in E Flat','Concert',23),(562,'Overture to \"The Messiah\"','Concert',21),(563,'Pacific Island Fantasy','Concert',105),(564,'Pageantry Overture','Concert',30),(565,'Park Street Celebration','Concert',19),(566,'The Phantom of the Opera','Concert',192),(567,'Pique Dame','Concert',17),(568,'Music from the Pirates of the Caribbean','Concert',203),(569,'Potomac Sunrise','Concert',17),(570,'A Praetorius Prelude','Concert',58),(571,'Precious Lord, Take My Hand','Concert',17),(572,'Preface for Band','Concert',58),(573,'Prelude and Energico','Concert',19),(574,'Prelude and Fugue in Bb Major','Concert',205),(575,'Prescience','Concert',17),(576,'Pueblo','Concert',105),(577,'Regalia','Concert',3),(578,'Regenesis','Concert',143),(579,'Remember','Concert',3),(580,'Rhapsody in Blue','Concert',205),(581,'River of Life','Concert',19),(582,'Rio Con Brio','Concert',3),(583,'Rock \'N\' Roll Explosion!','Concert',87),(584,'Rock Chorale and Variations','Concert',193),(585,'Romantic Variations','Concert',86),(586,'Rondo from Concerto for Clarinet in Bb','Concert',87),(587,'The Saints\' Hallelujah','Concert',24),(588,'Santaigo Carnival','Concert',105),(589,'Sarabande','Concert',185),(590,'Saratoga','Concert',116),(591,'Saturn V','Concert',21),(592,'Scandinavian Folk Fantasy','Concert',105),(593,'A Scottish Rhapsody','Concert',21),(594,'Seacliff Overture','Concert',17),(595,'Seascape Overture','Concert',87),(596,'Second Suite in F for Military Band','Concert',20),(597,'See, The Conquering Hero Comes','Concert',18),(598,'Signature','Concert',48),(599,'The Simpsons','Concert',79),(600,'Slaughter on Tenth Avenue','Concert',35),(601,'Snakes!','Concert',124),(602,'The Sound of Music','Concert',212),(603,'Spirit Lake Overture','Concert',19),(604,'The Spirit of Killian Hill','Concert',3),(605,'Spring','Concert',193),(606,'Star Trek: Through the Generations','Concert',26),(607,'Suite Concertante','Concert',16),(608,'Summation','Concert',23),(609,'Summer in Rio','Concert',105),(610,'Sumus Futuro','Concert',19),(611,'Symphony in C Minor (Movement II)','Concert',140),(612,'Symphony in G Minor (Movement I)','Concert',36),(613,'Symphony No.1 - Finale','Concert',105),(614,'Synergies','Concert',3),(615,'Tamarac Overture','Concert',58),(616,'Tequila','Concert',164),(617,'That\'s Entertainment','Concert',35),(618,'The Emerald Isle','Concert',3),(619,'The Little Mermaid','Concert',203),(620,'The Pink Panther','Concert',150),(621,'The Blues','Concert',87),(622,'The Syncopated Clock','Concert',139),(623,'They Came Sailing','Concert',38),(624,'Three Chorale Preludes','Concert',188),(625,'Three Czech Folk Songs','Concert',87),(626,'Three Folk Tunes','Concert',80),(627,'Three Folk Miniatures','Concert',38),(628,'Three Irish Folk Songs','Concert',19),(629,'Three Pieces for Winds','Concert',105),(630,'Thumbs Up!','Concert',19),(631,'Toccata','Concert',205),(632,'Toccata For Band','Concert',22),(633,'Toccata Marziale','Concert',92),(634,'Sinfonia XVI: Transcendental Vienna','Concert',126),(635,'A Tribute to Benny Goodman','Concert',167),(636,'Trumpet Power','Concert',105),(637,'Two Russian Sketches','Concert',3),(638,'If I Only Had A Brain','Concert',136),(639,'Variation Overture','Concert',124),(640,'Wanawekka','Concert',159),(641,'Watermelon Man','Concert',88),(642,'Air and Finale from the Water Music','Concert',173),(643,'Watusi Drums','Concert',50),(644,'Westminster Bridge','Concert',116),(645,'When full moon\'s light','Concert',3),(646,'Where No Man Has Gone Before','Concert',205),(647,'Where the River Flows','Concert',19),(648,'Whitewater Festival','Concert',19),(649,'Who Do Voodoo','Concert',166),(650,'Wind Sketch','Concert',58),(651,'Windstar','Concert',105),(652,'The Wonderful World of Disney','Concert',202),(653,'Wood County Celebration','Concert',3),(654,'Here Comes Big \'Un','Jazz',17),(655,'A Child Is Born','Jazz',47),(656,'Oye Como Va','Jazz',68),(657,'Sticks','Jazz',200),(658,'Boogie Lou','Jazz',17),(659,'Better Get It In Your Soul','Jazz',77),(660,'Brother Benjamin','Jazz',53),(661,'Gospel','Jazz',17),(662,'Poco Loco','Jazz',17),(663,'It\'s Only A Paper Moon','Jazz',35),(664,'Superheroes R Us','Concert',207),(665,'Winter Wonderland','Xmas',205),(666,'One For Daddy-O','Jazz',71),(667,'Christmas Time Is Here','XmasJazz',119),(668,'Kronos','Concert',17),(669,'Carol of the Bells','Xmas',3),(670,'A Cartoon Christmas','Xmas',35),(671,'Greensleeves Rhapsody','Concert',58),(672,'O Canada','Concert',63),(673,'Pomp and Circumstance','Concert',21),(674,'Amazing Grace','Concert',105),(675,'Amazing Grace 2','Concert',127),(676,'Whorlpool','Electronic',220),(677,'Knife','Trap',217);
/*!40000 ALTER TABLE `Piece` ENABLE KEYS */;
UNLOCK TABLES;

--
-- Table structure for table `Publisher`
--

DROP TABLE IF EXISTS `Publisher`;
/*!40101 SET @saved_cs_client     = @@character_set_client */;
/*!40101 SET character_set_client = utf8 */;
CREATE TABLE `Publisher` (
  `ID` int(11) NOT NULL,
  `Name` text CHARACTER SET latin1,
  PRIMARY KEY (`ID`)
) ENGINE=InnoDB DEFAULT CHARSET=utf8mb4;
/*!40101 SET character_set_client = @saved_cs_client */;

--
-- Dumping data for table `Publisher`
--

LOCK TABLES `Publisher` WRITE;
/*!40000 ALTER TABLE `Publisher` DISABLE KEYS */;
INSERT INTO `Publisher` VALUES (0,NULL),(1,'Abkco Music'),(2,'Alain Boublil Music'),(3,'Alfred'),(4,'Alfred Music'),(5,'Almitra Music Co.'),(6,'Almo Music'),(7,'Amstel Music'),(8,'Ann Ronnell Music'),(9,'April Music'),(10,'Atlantic Music'),(11,'Average Music'),(12,'Banes Music'),(13,'Barnaby Music'),(14,'Beam Me Up Music'),(15,'Bee-Pee Music'),(16,'Belwin'),(17,'Belwin-Mills'),(18,'Big Bells'),(19,'Birch Island Music Press'),(20,'Boosey & Co.'),(21,'Boosey & Hawkes'),(22,'Bourne'),(23,'Bourne Co.'),(24,'Brassworks Music'),(25,'Brockman Music'),(26,'Bruin Music Co.'),(27,'Bughouse Music'),(28,'Byron –Douglas'),(29,'C.L. Barnhouse'),(30,'C.L. Barnhouse Co.'),(31,'Canopy Music'),(32,'Carl Fischer'),(33,'Carl Fischer, LLC'),(34,'Catstyle Music'),(35,'Chappell & Co.'),(36,'Charter'),(37,'Cherio'),(38,'Chesford Music'),(39,'Chuck Sayre Music'),(40,'Colpix Music'),(41,'Columbia Lady Music'),(42,'Consolidated Music'),(43,'Corcovado Music'),(44,'CTV'),(45,'Curnow Music Press'),(46,'Curnow Music Press,'),(47,'D\'Accord Music'),(48,'De Haske'),(49,'De Haske Music'),(50,'Derry Music'),(51,'Desmond Music Co.'),(52,'Diane Basie Music'),(53,'Doug Beach Music'),(54,'Duchess Music'),(55,'East/Memphis Music'),(56,'Ecaroh Music'),(57,'Editorial Mexicana De Musica Internacional'),(58,'Edmondson & McGinty'),(59,'Educational Programs'),(60,'Edward B. Marks Music'),(61,'Edward B. Marks Music Co.'),(62,'Edwin H. Morris & Co.'),(63,'Eighth Note'),(64,'Embassy Music'),(65,'Emi April Music'),(66,'Emi Blackwood Music'),(67,'Emi Feist Catalog'),(68,'Emi Full Keel Music'),(69,'Emi Mills Music'),(70,'Emi Robbins Catalog'),(71,'Emi Unart Catalog'),(72,'Enoch Et Cie'),(73,'Famous Music'),(74,'Far Out Music'),(75,'Fenwood Music'),(76,'Fenwood Music Co.'),(77,'Flying Red Rhino'),(78,'Fox Fanfare Music'),(79,'Fox Film Music'),(80,'G. & I. Holst'),(81,'G. Schirmer'),(82,'Gaelic Storm Music'),(83,'Gates Music'),(84,'General Words and Music Co.'),(85,'Gia Prima'),(86,'Gordon V. Thompson'),(87,'Hal Leonard'),(88,'Hancock Music'),(89,'Hancock Music Co.'),(90,'Harlem Music'),(91,'Harris Music'),(92,'Hawkes & Son.'),(93,'Heritage Music Press'),(94,'Hill & Range Songs'),(95,'Hollenbeck Music Co.'),(96,'Hubtones Music Co.'),(97,'Hudmar Publishing Co.'),(98,'Ibbob Music'),(99,'Impulsive Music'),(100,'Ira Gershwin Music'),(101,'Irving Berlin'),(102,'Irving Music'),(103,'Janerio Music Co.'),(104,'Jenon'),(105,'Jenson'),(106,'Jenson Educational'),(107,'Jenson Publications'),(108,'Jerry Herman'),(109,'Jerry Leiber Music'),(110,'Jewel Music'),(111,'Jobete Music Co.'),(112,'Joel Songs'),(113,'Joint Ownership Redfield and Norice'),(114,'Jowcol Music'),(115,'Kahl Music'),(116,'Kendor Music'),(117,'Kundalini Music'),(118,'Lake State'),(119,'Lee Mendelson Film'),(120,'Leeds Music'),(121,'Lewis Music'),(122,'Litha Music Co.'),(123,'Low-Sal'),(124,'Ludwig Music'),(125,'Lynnstorm Publishing Co.'),(126,'Manhattan Beach'),(127,'Manhattan Beach Music'),(128,'Maraville Music'),(129,'Matt Harris Music'),(130,'Mattman Music'),(131,'Max Williams'),(132,'Maynard Ferguson Music'),(133,'MCA Music'),(134,'Medici Music Press'),(135,'Melody Trails'),(136,'Metro-Goldwyn-Mayer'),(137,'Michael H. Goldsen'),(138,'Microsoft Music'),(139,'Mills Music'),(140,'Molenaar'),(141,'Mulatto Music'),(142,'Musicians'),(143,'Musicworks'),(144,'Mutual Music Society'),(145,'Neil A. Kjos Music Co.'),(146,'Neil Hefti Music'),(147,'New World Music'),(148,'Norak Musikkforlag'),(149,'Northridge Music'),(150,'Northridge Music Co.'),(151,'Onyx Music'),(152,'Original Canadian Brass Music'),(153,'Paul Simon'),(154,'Peermusic Ltd.'),(155,'Percy Grainger'),(156,'Phoebus'),(157,'Pic'),(158,'Pickwick Music'),(159,'Piedmont Music'),(160,'Piedmont Music Co.'),(161,'Plymouth Music Co.'),(162,'PolyGram International'),(163,'Pop \'N\' Roll Music'),(164,'Powerforce Music'),(165,'Prestige Music'),(166,'Pro Art'),(167,'Regent Music'),(168,'Rightsong Music'),(169,'Rilting Music'),(170,'Robbins Music'),(171,'Rosemeadow'),(172,'Rubank'),(173,'Sam Fox'),(174,'Sam Fox Publishing Co.'),(175,'Samuel French'),(176,'Scherzo Music'),(177,'Screen Gems-Emi Music'),(178,'Second Floor Music'),(179,'Shapiro, Bernstein & Co.'),(180,'Shawnee Pres.'),(181,'Silhouette Music'),(182,'Sony/ATV Music'),(183,'Southern Music Co.'),(184,'St. Nicholas Music'),(185,'Studio 224'),(186,'Studio P R'),(187,'Studio P/R.'),(188,'Summy-Bichard Music'),(189,'Tauripin Tunes'),(190,'The Big 3 Music'),(191,'The John Church Co.'),(192,'The Really Useful Group'),(193,'Theodore Presser Co.'),(194,'Treat Baker'),(195,'Turner Fenton'),(196,'Unichappell Music'),(197,'United Artists'),(198,'Universal Music'),(199,'Universal-MCA Music'),(200,'Upam Music'),(201,'Upam Music Co.'),(202,'Walt Disney Music'),(203,'Walt Disney Music Co.'),(204,'Warner Bros'),(205,'Warner Bros.'),(206,'Warner-Barham Music LLC'),(207,'Warner-Tamerlane'),(208,'Wayward Music'),(209,'Weedhigh-Nightmare Music'),(210,'William Allen  Music'),(211,'William Allen Music'),(212,'Williamson Music'),(213,'Wingert-Jones Music'),(214,'Wingood Music Productions'),(215,'Wolf-Mills Music'),(216,'Wonderland Music Co.'),(217,'Soundcloud'),(219,'Soundclown'),(220,'Justin Xu'),(221,'Water');
/*!40000 ALTER TABLE `Publisher` ENABLE KEYS */;
UNLOCK TABLES;
/*!40103 SET TIME_ZONE=@OLD_TIME_ZONE */;

/*!40101 SET SQL_MODE=@OLD_SQL_MODE */;
/*!40014 SET FOREIGN_KEY_CHECKS=@OLD_FOREIGN_KEY_CHECKS */;
/*!40014 SET UNIQUE_CHECKS=@OLD_UNIQUE_CHECKS */;
/*!40101 SET CHARACTER_SET_CLIENT=@OLD_CHARACTER_SET_CLIENT */;
/*!40101 SET CHARACTER_SET_RESULTS=@OLD_CHARACTER_SET_RESULTS */;
/*!40101 SET COLLATION_CONNECTION=@OLD_COLLATION_CONNECTION */;
/*!40111 SET SQL_NOTES=@OLD_SQL_NOTES */;

-- Dump completed on 2017-01-21 21:09:15
